Title,Link,Rank
Meta told to pay $375M for misleading users over child safety,https://www.bbc.com/news/articles/cql75dn07n2o,1.
TurboQuant: Redefining AI efficiency with extreme compression,https://research.google/blog/turboquant-redefining-ai-efficiency-with-extreme-compression/,2.
Goodbye to Sora,https://twitter.com/soraofficialapp/status/2036532795984715896,3.
VitruvianOS – Desktop Linux Inspired by the BeOS,https://v-os.dev,4.
Looking at Unity made me understand the point of C++ coroutines,https://mropert.github.io/2026/03/20/unity_cpp_coroutines/,5.
Flighty Airports,https://flighty.com/airports,6.
Show HN: I took back Video.js after 16 years and we rewrote it to be 88% smaller,https://videojs.org/blog/videojs-v10-beta-hello-world-again,7.
Tell HN: Litellm 1.82.7 and 1.82.8 on PyPI are compromised,https://github.com/BerriAI/litellm/issues/24512,8.
"In Edison’s Revenge, Data Centers Are Transitioning From AC to DC",https://spectrum.ieee.org/data-center-dc,9.
Apple Business,https://www.apple.com/newsroom/2026/03/introducing-apple-business-a-new-all-in-one-platform-for-businesses-of-all-sizes/,10.
I tried to prove I'm not AI. My aunt wasn't convinced,https://www.bbc.com/future/article/20260324-i-tried-to-prove-im-not-an-ai-deepfake,11.
VNDB founder Yorhel has died,https://vndb.org/t24787,12.
"I wanted to build vertical SaaS for pest control, so I took a technician job",https://www.onhand.pro/p/i-wanted-to-build-vertical-saas-for-pest-control-i-took-a-technician-job-instead,13.
Why I forked httpx,https://tildeweb.nl/~michiel/httpxyz.html,14.
You can run a DNS server (2025),https://simonsafar.com/2025/running_dns/,15.
Arm AGI CPU,https://newsroom.arm.com/blog/introducing-arm-agi-cpu,16.
The Last Testaments of Richard II and Henry IV,https://www.historytoday.com/archive/feature/last-testaments-richard-ii-and-henry-iv,17.
Why did the chicken cross the road?,https://taylor.town/other-side,18.
Algorithm Visualizer,https://algorithm-visualizer.org/,19.
Fun with CSF firmware (RK3588 GPU firmware),https://icecream95.gitlab.io/fun-with-csf-firmware.html,20.
Show HN: DuckDB community extension for prefiltered HNSW using ACORN-1,https://github.com/cigrainger/duckdb-hnsw-acorn,21.
Microbenchmarking Chipsets for Giggles,https://chipsandcheese.com/p/microbenchmarking-chipsets-for-giggles,22.
"Show HN: Email.md – Markdown to responsive, email-safe HTML",https://www.emailmd.dev/,23.
Wine 11 rewrites how Linux runs Windows games at kernel with massive speed gains,https://www.xda-developers.com/wine-11-rewrites-linux-runs-windows-games-speed-gains/,24.
"Show HN: Gemini can now natively embed video, so I built sub-second video search",https://github.com/ssrajadh/sentrysearch,25.
"An Aural Companion for Decades, CBS News Radio Crackles to a Close",https://www.nytimes.com/2026/03/21/business/media/cbs-news-radio-appraisal.html,26.
Building a coding agent in Swift from scratch,https://github.com/ivan-magda/swift-claude-code,27.
A Compiler Writing Journey,https://github.com/DoctorWkt/acwj,28.
"Hypothesis, Antithesis, synthesis",https://antithesis.com/blog/2026/hegel/,29.
Open source isn't a tip jar – it's time to charge for access,https://www.theregister.com/2026/03/25/open_source_bill_opinion/,30.
Missile defense is NP-complete,https://smu160.github.io/posts/missile-defense-is-np-complete/,31.
Hypura – A storage-tier-aware LLM inference scheduler for Apple Silicon,https://github.com/t8/hypura,32.
Intel Device Modeling Language for virtual platforms,https://github.com/intel/device-modeling-language,33.
How the world’s first electric grid was built,https://worksinprogress.co/issue/how-the-worlds-first-electric-grid-was-built/,34.
Show HN: AI Roundtable – Let 200 models debate your question,https://opper.ai/ai-roundtable/,35.
Nanobrew: The fastest macOS package manager compatible with brew,https://nanobrew.trilok.ai/,36.
What happened to GEM?,https://dfarq.homeip.net/whatever-happened-to-gem/,37.
Data Manipulation in Clojure Compared to R and Python,https://codewithkira.com/2024-07-18-tablecloth-dplyr-pandas-polars.html,38.
Lago (YC S21) Is Hiring,https://getlago.notion.site/Lago-Product-Engineer-AI-Agents-for-Growth-327ef63110d280cdb030ccf429d3e4d7?source=copy_link,39.
Overcoming the friendship recession,https://joeprevite.com/friendship-recession/,40.
"Microsoft's ""fix"" for Windows 11",https://www.sambent.com/microsofts-plan-to-fix-windows-11-is-gaslighting/,41.
Show HN: ProofShot – Give AI coding agents eyes to verify the UI they build,https://github.com/AmElmo/proofshot,42.
Debunking Zswap and Zram Myths,https://chrisdown.name/2026/03/24/zswap-vs-zram-when-to-use-what.html,43.
Box of Secrets: Discreetly modding an apartment intercom to work with Apple Home,https://www.jackhogan.me/blog/box-of-secrets/,44.
Epic Games to cut more than 1k jobs as Fortnite usage falls,https://www.reuters.com/legal/litigation/epic-games-said-tuesday-that-it-will-lay-off-more-than-1000-employees-2026-03-24/,45.
No Terms. No Conditions,https://notermsnoconditions.com,46.
Implementing automatic eSIM installation on Android,https://medium.com/proandroiddev/integration-of-automatic-esim-installation-on-android-6c5f6d7124cb,47.
curl > /dev/sda: How I made a Linux distro that runs wget | dd,https://astrid.tech/2026/03/24/0/curl-to-dev-sda/,48.
ARM AGI CPU: Specs and SKUs,https://sbcwiki.com/docs/soc-manufacturers/arm/arm-silicon/,49.
Log File Viewer for the Terminal,https://lnav.org/,50.
LaGuardia pilots raised safety alarms months before deadly runway crash,https://www.theguardian.com/us-news/2026/mar/24/laguardia-airplane-pilots-safety-concerns-crash,51.
Opera: Rewind The Web to 1996 (Opera at 30),https://www.web-rewind.com,52.
Mystery jump in oil trading ahead of Trump post draws scrutiny,https://www.bbc.com/news/articles/cg547ljepvzo,53.
Welcome to FastMCP,https://gofastmcp.com/getting-started/welcome,54.
Is anybody else bored of talking about AI?,https://blog.jakesaunders.dev/is-anybody-else-bored-of-talking-about-ai/,55.
Show HN: Gridland: make terminal apps that also run in the browser,https://www.gridland.io/,56.
"The final switch: Goldsboro, 1961 (2013)",https://blog.nuclearsecrecy.com/2013/09/27/final-switch-goldsboro-1961/,57.
So where are all the AI apps?,https://www.answer.ai/posts/2026-03-12-so-where-are-all-the-ai-apps.html,58.
Epoch confirms GPT5.4 Pro solved a frontier math open problem,https://epoch.ai/frontiermath/open-problems/ramsey-hypergraphs,59.
I quit editing photos,https://jamesbaker.uk/i-quit-editing-photos/,60.
Testing the Swift C compatibility with Raylib (+WASM),https://carette.xyz/posts/swift_c_compatibility_with_raylib/,61.
Secure Domain Name System (DNS) Deployment 2026 Guide [pdf],https://nvlpubs.nist.gov/nistpubs/SpecialPublications/NIST.SP.800-81r3.pdf,62.
WolfGuard: WireGuard with FIPS 140-3 cryptography,https://github.com/wolfssl/wolfguard,63.
A Chess Playing Machine – Shannon (1950) [pdf],https://www.paradise.caltech.edu/ist4/lectures/shannonchess1950.pdf,64.
LLM Neuroanatomy II: Modern LLM Hacking and Hints of a Universal Language?,https://dnhkng.github.io/posts/rys-ii/,65.
"io_uring, libaio performance across Linux kernels and an unexpected IOMMU trap",https://blog.ydb.tech/how-io-uring-overtook-libaio-performance-across-linux-kernels-and-an-unexpected-iommu-trap-ea6126d9ef14,66.
Dune3d: A parametric 3D CAD application,https://github.com/dune3d/dune3d,67.
FCC updates covered list to include foreign-made consumer routers,https://www.fcc.gov/document/fcc-updates-covered-list-include-foreign-made-consumer-routers,68.
"Ripgrep is faster than grep, ag, git grep, ucg, pt, sift (2016)",https://burntsushi.net/ripgrep/,69.
MSA: Memory Sparse Attention,https://github.com/EverMind-AI/MSA,70.
Claude Code Cheat Sheet,https://cc.storyfox.cz,71.
GitHub is once again down,https://www.githubstatus.com/incidents/kp06czybl7dw,72.
.apks are just .zips; semi-legally hacking software for orphaned hardware [video],https://www.youtube.com/watch?v=P1kfuCkWo24,73.
Show HN: Cq – Stack Overflow for AI coding agents,https://blog.mozilla.ai/cq-stack-overflow-for-agents/,74.
BIO – The Bao I/O Co-Processor,https://www.crowdsupply.com/baochip/dabao/updates/bio-the-bao-i-o-co-processor,75.
purl: a curl-esque CLI for making HTTP requests that require payment,https://www.purl.dev/,76.
A 6502 disassembler with a TUI: A modern take on Regenerator,https://github.com/ricardoquesada/regenerator2000,77.
"RustTraining: Beginner, advanced, expert level Rust training material",https://github.com/microsoft/RustTraining,78.
Show HN: I ran a language model on a PS2,https://github.com/xaskasdf/ps2-llm,79.
Trivy under attack again: Widespread GitHub Actions tag compromise secrets,https://socket.dev/blog/trivy-under-attack-again-github-actions-compromise,80.
Zero-Cost POSIX Compliance: Encoding the Socket State Machine in Lean's Types,https://ngrislain.github.io/blog/2026-3-25-zerocost-posix-compliance-encoding-the-socket-state-machine-in-lean-4s-type-system/,81.
"US expected to send thousands more soldiers to Middle East, sources say",https://www.reuters.com/world/middle-east/us-expected-send-thousands-soldiers-middle-east-sources-say-2026-03-24/,82.
iPhone 17 Pro Demonstrated Running a 400B LLM,https://twitter.com/anemll/status/2035901335984611412,83.
IRIX 3dfx Voodoo driver and glide2x IRIX port,https://sdz-mods.com/index.php/2026/03/23/irix-3dfx-voodoo-driver-glide2x-irix-port/,84.
The Resolv hack: How one compromised key printed $23M,https://www.chainalysis.com/blog/lessons-from-the-resolv-hack/,85.
ARM to make processors for first time in their history,https://newsroom.arm.com/news/arm-agi-cpu-launch,86.
A retro terminal music player inspired by Winamp,https://github.com/bjarneo/cliamp,87.
Pompeii's battle scars linked to an ancient 'machine gun',https://phys.org/news/2026-03-pompeii-scars-linked-ancient-machine.html,88.
How to use storytelling to fit inline assembly into Rust,https://www.ralfj.de/blog/2026/03/13/inline-asm.html,89.
Tony Hoare and His Imprint on Computer Science,https://cacm.acm.org/blogcacm/tony-hoare-and-his-imprint-on-computer-science/,90.
BIO: The Bao I/O Coprocessor,https://www.bunniestudios.com/blog/2026/bio-the-bao-i-o-coprocessor/,91.
How I'm Productive with Claude Code,https://neilkakkar.com/productive-with-claude-code.html,92.
Can I hear a difference between MP3s and uncompressed audio?,https://82mhz.net/posts/2026/03/can-i-hear-a-difference-between-mp3s-and-uncompressed-audio/,93.
Autoresearch on an old research idea,https://ykumar.me/blog/eclip-autoresearch/,94.
"Firefox introduces Split View: Two tabs side by side, right where you need them",https://blog.mozilla.org/en/firefox/split-view/,95.
Jury finds Meta liable in case over child sexual exploitation on its platforms,https://www.cnn.com/2026/03/24/tech/meta-new-mexico-trial-jury-deliberation,96.
Running Iroh on an ESP32,https://www.iroh.computer/blog/iroh-on-esp32,97.
The Jellies That Evolved a Different Way to Keep Time,https://www.quantamagazine.org/the-jellies-that-evolved-a-different-way-to-keep-time-20260320/,98.
Issue Tracking Is Dead,https://linear.app/next,99.
I created my first AI-assisted pull request,https://nelson.cloud/i-created-my-first-ai-assisted-pull-request-and-i-feel-like-a-fraud/,100.
Two pilots dead after plane and ground vehicle collide at LaGuardia,https://www.bbc.com/news/articles/cy01g522ww4o,101.
Ju Ci: The Art of Repairing Porcelain,https://thesublimeblog.org/2025/03/13/ju-ci-the-ancient-art-of-repairing-porcelain/,102.
"Sandboxing AI agents, 100x faster",https://blog.cloudflare.com/dynamic-workers/,103.
Can you get root with only a cigarette lighter? (2024),https://www.da.vidbuchanan.co.uk/blog/dram-emfi.html,104.
America tells private firms to “hack back”,https://www.economist.com/united-states/2026/03/22/america-tells-private-firms-to-hack-back,105.
PC Gamer recommends RSS readers in a 37mb article that just keeps downloading,https://stuartbreckenridge.net/2026-03-19-pc-gamer-recommends-rss-readers-in-a-37mb-article/,106.
Bare Metal Flashing of the Rp2040,https://mackinnon.info/2025/04/20/bare-metal-flashing-of-the-RP2040.html,107.
Show HN: Antimatter – Match the opposites (Mahjong solitaire mechanic),https://www.linguabase.org/antimatter/,108.
Country that put backdoors in Cisco routers to spy on world bans foreign routers,https://www.theregister.com/2026/03/24/fcc_foreign_routers/,109.
Microservices and the First Law of Distributed Objects (2014),https://martinfowler.com/articles/distributed-objects-microservices.html,110.
General Motors is assisting with the restoration of a rare EV1,https://evinfo.net/2026/03/general-motors-is-assisting-with-the-restoration-of-an-1996-ev1/,111.
Sunsetting the Techempower Framework Benchmarks,https://github.com/TechEmpower/FrameworkBenchmarks/issues/10932,112.
I wrote a 750-page guide to self-hosting production apps,https://selfdeployment.io/,113.
Claude-Code Automode,https://claude.com/blog/auto-mode,114.
Slowing Down in the Age of Coding Agents,https://the.scapegoat.dev/slowing-down-in-the-age-of-coding-agents/,115.
Local Stack Archived their GitHub repo and requires an account to run,https://github.com/localstack/localstack,116.
US and TotalEnergies reach 'nearly $1B' deal to end offshore wind projects,https://www.lemonde.fr/en/international/article/2026/03/23/us-and-totalenergies-reach-nearly-1-billion-deal-to-end-offshore-wind-projects_6751739_4.html,117.
An incoherent Rust,https://www.boxyuwu.blog/posts/an-incoherent-rust/,118.
Young Graduates Face the Grimmest Job Market in Years,https://www.nytimes.com/2026/03/24/business/economy/college-graduates-job-market-hiring.html,119.
Show HN: RemoteDevJobs – AI-curated remote developer positions with scoring,https://remotedvjobs.com,120.
Reports of code's death are greatly exaggerated,https://stevekrouse.com/precision,121.
Windows 3.1 tiled background .bmp archive,https://github.com/andreasjansson/win-3.1-backgrounds,122.
I built an AI receptionist for a mechanic shop,https://www.itsthatlady.dev/blog/building-an-ai-receptionist-for-my-brother/,123.
Single ATC controller was managing LaGuardia Airport at time of Air Canada crash [video],https://www.youtube.com/watch?v=Pbm-QJAAzNY,124.
The gold standard of optimization: A look under the hood of RollerCoaster Tycoon,https://larstofus.com/2026/03/22/the-gold-standard-of-optimization-a-look-under-the-hood-of-rollercoaster-tycoon/,125.
The future of version control,https://bramcohen.com/p/manyana,126.
"LiteLLM PyPI has been compromised an hour ago, do not update",https://futuresearch.ai/blog/litellm-pypi-supply-chain-attack/,127.
NanoClaw Adopts OneCLI Agent Vault,https://nanoclaw.dev/blog/nanoclaw-agent-vault/,128.
GitHub appears to be struggling with measly three nines availability,https://www.theregister.com/2026/02/10/github_outages/,129.
“Collaboration” is bullshit,https://www.joanwestenberg.com/collaboration-is-bullshit/,130.
Firefox Now Has Free VPN,https://blog.mozilla.org/en/firefox/built-in-vpn/,131.
NASA kills lunar space station to focus on ambitious Moon base,https://arstechnica.com/space/2026/03/nasa-kills-lunar-space-station-to-focus-on-ambitious-moon-base/,132.
"Show HN: The King Wen Permutation: [52, 10, 2]",https://gzw1987-bit.github.io/iching-math/,133.
Digs: iOS app that syncs your Discogs collection and lets you browse it offline,https://lustin.fr/blog/building-digs/,134.
The way CTRL-C in Postgres CLI cancels queries is incredibly hack-y,https://neon.com/blog/ctrl-c-in-psql-gives-me-the-heebie-jeebies,135.
Miscellanea: The War in Iran,https://acoup.blog/2026/03/25/miscellanea-the-war-in-iran/,136.
Diverse perspectives on AI from Rust contributors and maintainers,https://nikomatsakis.github.io/rust-project-perspectives-on-ai/feb27-summary.html,137.
The IBM scientist who rewrote the rules of information just won a Turing Award,https://www.ibm.com/think/news/ibm-scientist-charles-bennett-turing-award,138.
TurboQuant: Redefining AI efficiency with extreme compression,https://research.google/blog/turboquant-redefining-ai-efficiency-with-extreme-compression/,139.
Package Managers Need to Cool Down,https://simonwillison.net/2026/Mar/24/package-managers-need-to-cool-down/,140.
The AI Client in WordPress 7.0,https://make.wordpress.org/core/2026/03/24/introducing-the-ai-client-in-wordpress-7-0/,141.
Project Nomad – Knowledge That Never Goes Offline,https://www.projectnomad.us,142.
Is the Male Loneliness Epidemic Just for Wealthy White Men?,https://link.springer.com/article/10.1007/s11199-025-01638-7,143.
I Love the Em Dash–Too Bad If AI Does Too,https://thewalrus.ca/i-love-the-em-dash-too-bad-if-ai-does-too/,144.
Atomic Display Switching: Solving,https://github.com/piot5/displayflow_cli,145.
Designing AI for Disruptive Science,https://www.asimov.press/p/ai-science,146.
Apple's intentional crippling of Mobile Safari,https://pwa.gripe/,147.
Palantir Will No Longer Profit Off of New Yorkers' Health Data,https://theintercept.com/2026/03/24/palantir-new-york-city-hospitals-contract/,148.
From Zip to Nought: The Rise and Fall of Iomega,https://hackaday.com/2026/03/24/from-zip-to-nought-the-rise-and-fall-of-iomega/,149.
OpenCode – Open source AI coding agent,https://opencode.ai/,150.
Why I love NixOS,https://www.birkey.co/2026-03-22-why-i-love-nixos.html,151.
Primary School Children Face Having to Work Until They Are 75,https://www.thetimes.com/money/pensions/article/primary-school-children-work-until-75-retirement-2v5xbrdmf,152.
US SEC's ex-enforcement chief clashed with bosses over cases before leaving,https://www.reuters.com/business/finance/us-secs-ex-enforcement-chief-clashed-with-bosses-before-leaving-sources-say-2026-03-23/,153.
Vibecoders Can't Build for Longevity,https://blog.d11r.eu/theory-building/,154.
How to attract AI bots to your open source project,https://nesbitt.io/2026/03/21/how-to-attract-ai-bots-to-your-open-source-project.html,155.
Regular army and reserve components enlistment program: Summary of change,https://armypubs.army.mil/epubs/DR_pubs/DR_a/ARN42922-AR_601-210-000-WEB-1.pdf,156.
Krita 5.3.0 and 6.0.0 Released,https://krita.org/en/posts/2026/krita-5.3.0-released/,157.
Systemd has not implemented age verification,https://blog.bofh.it/debian/id_473,158.
You are not your job,https://jry.io/writing/you-are-not-your-job/,159.
Windows native app development is a mess,https://domenic.me/windows-native-dev/,160.
Power consumption of Game Boy flash cartridges (2021),https://gekkio.fi/blog/2021/power-consumption-of-game-boy-flash-cartridges/,161.
Bored of eating your own dogfood? Try smelling your own farts,https://shkspr.mobi/blog/2026/03/bored-of-eating-your-own-dogfood-try-smelling-your-own-farts/,162.
Some things just take time,https://lucumr.pocoo.org/2026/3/20/some-things-just-take-time/,163.
Swift 6.3 Released,https://www.swift.org/blog/swift-6.3-released/,164.
"Ads are coming to Apple Maps, as Apple expands its business offerings",https://techcrunch.com/2026/03/24/apple-maps-ads-apple-business/,165.
Flash-MoE: Running a 397B Parameter Model on a Laptop,https://github.com/danveloper/flash-moe,166.
MAUI Is Coming to Linux,https://avaloniaui.net/blog/maui-avalonia-preview-1,167.
They’re vibe-coding spam now,https://tedium.co/2026/02/25/vibe-coded-email-spam/,168.
Cloudflare's Gen 13 servers: trading cache for cores for 2x performance,https://blog.cloudflare.com/gen13-launch/,169.
"Tin Can, a 'landline' for kids",https://www.businessinsider.com/tin-can-landline-kids-cellphone-cell-alternative-how-2025-9,170.
"Cloudflare flags archive.today as ""C&C/Botnet""; no longer resolves via 1.1.1.2",https://radar.cloudflare.com/domains/domain/archive.today,171.
"Show HN: Wordif.sh – word-by-word text comparison in color, output to HTML/PDF",https://github.com/jazzfan2/wordif,172.
"Dead zones of the imagination: on violence, bureaucracy, and interpretive labor",https://archive.org/details/graeber-dead-zones-imagination-2012,173.
Now Available: Depot CI,https://depot.dev/blog/now-available-depot-ci,174.
"U.S. Government's Ban on Anthropic Looks Like Punishment Attempt, Judge Says",https://www.wsj.com/tech/ai/u-s-governments-ban-on-anthropic-looks-like-punishment-attempt-judge-says-2ff98fe3,175.
FFmpeg 101 (2024),https://blogs.igalia.com/llepage/ffmpeg-101/,176.
Migrating to the EU,https://rz01.org/eu-migration/,177.
Iranian strikes on Amazon data centers highlight industry's vulnerability,https://apnews.com/article/amazon-aws-data-center-uae-iran-bahrain-71066b0a822c4cfd88b61e3fe79af917,178.
Newly purchased Vizio TVs now require Walmart accounts to use smart features,https://arstechnica.com/gadgets/2026/03/newly-purchased-vizio-tvs-now-require-walmart-accounts-to-use-smart-features/,179.
HopTab – Open source macOS app switcher and tiler that replaces Cmd+Tab,https://www.royalbhati.com/hoptab,180.
Cyberattack on vehicle breathalyzer company leaves drivers stranded in the US,https://techcrunch.com/2026/03/20/cyberattack-on-vehicle-breathalyzer-company-leaves-drivers-stranded-across-the-us/,181.
Show HN: Mapping the most convenient ways to meet someone with public transit,https://www.commutometer.com/meet-in-sanfrancisco,182.
The three pillars of JavaScript bloat,https://43081j.com/2026/03/three-pillars-of-javascript-bloat,183.
Is it a pint?,https://isitapint.com/,184.
Show HN: Skub – a sliding puzzle browser game,https://skub.app,185.
"Migrating the American express payment network, twice",https://americanexpress.io/migrating-the-payments-network-twice/,186.
Molly guard in reverse,https://unsung.aresluna.org/molly-guard-in-reverse/,187.
Maxell MXCP-P100 – wireless cassette player,https://maxell-usa.com/product/cassetteplayer/,188.
Tinybox – A powerful computer for deep learning,https://tinygrad.org/#tinybox,189.
"March, 19-21: God is a comedian",https://no01.substack.com/p/march-19-21-god-is-a-comedian,190.
Show HN: Revise – An AI Editor for Documents,https://revise.io,191.
Brute-forcing my algorithmic ignorance,http://blog.dominikrudnik.pl/my-google-recruitment-journey-part-1,192.
DoorDash Tasks,https://about.doordash.com/en-us/news/introducing-doordash-tasks,193.
Teaching Claude to QA a mobile app,https://christophermeiklejohn.com/ai/zabriskie/development/android/ios/2026/03/22/teaching-claude-to-qa-a-mobile-app.html,194.
JavaScript Is Enough,https://geajs.com/,195.
"Microsoft blocks trick to unlock native NVMe driver, but workarounds still exist",https://www.tomshardware.com/software/windows/microsoft-blocks-the-registry-hack-trick-that-unlocked-native-nvme-performance-on-windows-11,196.
Unlocking 25 Gigabit/S on 10 GbE Direct Attach Copper,https://kohlschuetter.github.io/blog/posts/2026/03/22/unlock25/,197.
"Meadow: An ultra-compact smartphone without web browser, social media or email",https://www.notebookcheck.net/The-Meadow-launches-as-an-ultra-compact-smartphone-without-web-browser-social-media-or-e-mail.1257904.0.html,198.
France's aircraft carrier located in real time by Le Monde through fitness app,https://www.lemonde.fr/en/international/article/2026/03/20/stravaleaks-france-s-aircraft-carrier-located-in-real-time-by-le-monde-through-fitness-app_6751640_4.html,199.
What young workers are doing to AI-proof themselves,https://www.wsj.com/economy/jobs/ai-jobs-young-people-careers-14282284,200.
Update on the OpenAI Foundation,https://openaifoundation.org/news/update-on-the-openai-foundation,201.
"If DSPy is so great, why isn't anyone using it?",https://skylarbpayne.com/posts/dspy-engineering-patterns/,202.
Outworked – An Open Source Office UI for Claude Code Agents,https://github.com/outworked/outworked,203.
A case against currying,https://emi-h.com/articles/a-case-against-currying.html,204.
Volkswagen to pivot plant to missile defence production,https://www.marketscreener.com/news/volkswagen-to-pivot-one-plant-to-missile-defence-production-for-israel-s-rafael-ft-reports-ce7e5ed2da80f527,205.
More common mistakes to avoid when creating system architecture diagrams,https://www.ilograph.com/blog/posts/more-common-diagram-mistakes/,206.
Spanish court order Airbnb to pay €64M fine and refuses to suspend sanction,https://www.euronews.com/travel/2026/03/23/spanish-court-orders-airbnb-to-pay-64-million-fine-and-refuses-to-suspend-sanction,207.
New Mexico just handed Meta its first courtroom defeat over child safety,https://techcrunch.com/2026/03/24/new-mexico-just-handed-meta-its-first-courtroom-defeat-over-child-safety-and-the-rest-of-the-country-is-watching/,208.
New 'Lord of the Rings' Movie from Stephen Colbert in Development at WB,https://variety.com/2026/film/news/lord-of-the-rings-movie-stephen-colbert-warner-bros-1236698684/,209.
Building an FPGA 3dfx Voodoo with Modern RTL Tools,https://noquiche.fyi/voodoo,210.
Common Lisp Development Tooling,https://www.creativetension.co/posts/common-lisp-development-tooling,211.
"Show HN: Visualizing Apple Health workout data (stats, trends, insights)",https://apps.apple.com/us/app/streakout-workout-stats/id6758457318,212.
Talking Liquid Glass with Apple,https://captainswiftui.substack.com/p/talking-liquid-glass-with-apple,213.
AI-pilled Arm CEO teases mystery products that will turn it into a money machine,https://www.theregister.com/2026/03/24/arm_ceo_boasts_new_silicon/,214.
Linux Applications Programming by Example: The Fundamental APIs (2nd Edition),https://github.com/arnoldrobbins/LinuxByExample-2e,215.
"Professional video editing, right in the browser with WebGPU and WASM",https://tooscut.app/,216.
"Blocking Internet Archive Won't Stop AI, but Will Erase Web's Historical Record",https://www.eff.org/deeplinks/2026/03/blocking-internet-archive-wont-stop-ai-it-will-erase-webs-historical-record,217.
OpenClaw is a security nightmare dressed up as a daydream,https://composio.dev/content/openclaw-security-and-vulnerabilities,218.
Computer dramatically plays BBC news music before every meeting,https://twitter.com/rtwlz/status/2036082537949434164,219.
Ubisoft's death by a thousand cuts,https://www.thegamebusiness.com/p/ubisofts-death-by-a-thousand-cuts,220.
Topsy (Elephant),https://en.wikipedia.org/wiki/Topsy_(elephant),221.
"Show HN: Atomic – Self-hosted, semantically-connected personal knowledge base",https://github.com/kenforthewin/atomic,222.
Five years of running a systems reading group at Microsoft,https://armaansood.com/posts/systems-reading-group/,223.
"Oil at $150 will trigger global recession, says boss of financial BlackRock",https://www.bbc.com/news/articles/c9wqrdkx8ppo,224.
Study: 'Security Fatigue' May Weaken Digital Defenses,https://www.albany.edu/news-center/news/2026-study-security-fatigue-may-weaken-digital-defenses,225.
Dataframe 1.0.0.0,https://discourse.haskell.org/t/ann-dataframe-1-0-0-0/13834,226.
"Apply video compression on KV cache to 10,000x less error at Q4 quant",https://github.com/cenconq25/delta-compress-llm,227.
USA bans all new routers for consumers,https://www.heise.de/en/news/USA-bans-all-new-routers-for-consumers-11222049.html,228.
"POSSE – Publish on your Own Site, Syndicate Elsewhere",https://indieweb.org/POSSE,229.
"Helios: 14B open source video model, real time at 19.5fps, runs on 6GB VRAM",https://github.com/PKU-YuanGroup/Helios,230.
Ubuntu 26.04 Ends 46 Years of Silent sudo Passwords,https://pbxscience.com/ubuntu-26-04-ends-46-years-of-silent-sudo-passwords/,231.
A Japanese glossary of chopsticks faux pas (2022),https://www.nippon.com/en/japan-data/h01362/,232.
GrapheneOS will remain usable by anyone without requiring personal information,https://grapheneos.social/@GrapheneOS/116261301913660830,233.
Meta told to pay $375M for misleading users over child safety,https://www.bbc.co.uk/news/articles/cql75dn07n2o,234.
GrapheneOS refuses to comply with new age verification laws for operating system,https://www.tomshardware.com/software/operating-systems/grapheneos-refuses-to-comply-with-age-verification-laws,235.
Meta must pay $375M for violating New Mexico child exploitation law,https://www.cnbc.com/2026/03/24/jury-reaches-verdict-in-meta-child-safety-trial-in-new-mexico.html,236.
Why Anti-Trust Regulators Should Reject WBD-Paramount Skydance Link-Up,https://deadline.com/2026/03/anti-trust-regulators-reject-wbd-paramount-skydance-column-1236764465/,237.
Sashiko: An agentic Linux kernel code review system,https://sashiko.dev/,238.
Why craft-lovers are losing their craft,https://writings.hongminhee.org/2026/03/craft-alienation-llm/,239.
Cuba's Fragile Power Grid Finds a Powerful New Partner,https://oilprice.com/Energy/Energy-General/Cubas-Fragile-Power-Grid-Finds-a-Powerful-New-Partner.html,240.
Pentagon Adopts New Limits for Journalists After Court Loss,https://www.nytimes.com/2026/03/23/business/media/pentagon-closes-journalists-work-area.html,241.
"Floci – A free, open-source local AWS emulator",https://github.com/hectorvent/floci,242.
Discontinuation and reinitiation of dual-labeled GLP-1 receptor agonists,https://nautil.us/whiplash-heart-attack-and-stroke-risk-jumps-when-people-stop-taking-glp-1s-1279029,243.
Show HN: Littlebird – Screenreading is the missing link in AI,https://littlebird.ai/,244.
"LLMs learn what programmers create, not how programmers work",item?id=47494696,245.
ICE: $45 an Hour to Stand There. TSA: $0 an Hour to Keep You Safe,https://botonomous.ai/featured/government_shutdown/article-v2.html,246.
Aletheia – deterministic COBOL verification for mainframe migrations,https://github.com/Aletheia-Verification/Aletheia,247.
The Slow Collapse of MkDocs,https://fpgmaas.com/blog/collapse-of-mkdocs/,248.
Show HN: We built a terminal-only Bluesky / AT Proto client written in Fortran,https://github.com/FormerLab/fortransky,249.
No Semicolons Needed,https://terts.dev/blog/no-semicolons-needed/,250.
"Grafeo – A fast, lean, embeddable graph database built in Rust",https://grafeo.dev/,251.
Chest Fridge (2009),https://mtbest.net/chest-fridge/,252.
Huel Joins Danone,https://huel.com/pages/huel-joins-danone,253.
The Social Smolnet,https://ploum.net/2026-03-20-social-smolnet.html,254.
The creative agency model is dead. That's why I shut mine down,https://www.itsnicethat.com/articles/the-creative-agency-model-is-dead-creative-industry-100326,255.
Experimenting with Starlette 1.0 with Claude skills,https://simonwillison.net/2026/Mar/22/starlette/,256.
American aviation is near collapse?,https://www.theatlantic.com/newsletters/2026/03/aviation-failures-tsa-dhs-shutdown/686505/,257.
Ask HN: AI productivity gains – do you fire devs or build better products?,item?id=47475859,258.
Hide macOS Tahoe's Menu Icons,https://512pixels.net/2026/03/hide-macos-tahoes-menu-icons-with-this-one-simple-trick/,259.
Microsoft weighs legal action over $50B Amazon-OpenAI cloud deal,https://www.ft.com/content/e814f4c3-4fb5-4e2e-90a6-470044436b39,260.
Amazon says AWS' Bahrain region 'disrupted' following drone activity,https://www.reuters.com/world/middle-east/amazon-says-awss-bahrain-region-disrupted-following-drone-activity-2026-03-24/,261.
Intuitions for Tranformer Circuits,https://www.connorjdavis.com/p/intuitions-for-transformer-circuits,262.
Supply Chain Attack in litellm 1.82.8 on PyPI,https://futuresearch.ai/blog/litellm-pypi-supply-chain-attack/,263.
FreeCAD 1.1.0 Released,https://wiki.freecad.org/Release_notes_1.1,264.
"Chat GPT 5.2 cannot explain the German word ""geschniegelt""",https://old.reddit.com/r/ChatGPT/comments/1r4goxh/chat_gpt_52_cannot_explain_the_word_geschniegelt/,265.
Biological Age Tests are a lie,https://twitter.com/nikhilyadala/status/2035920229889630486,266.
How Ford burned $12B in Brazil (2021),https://www.reuters.com/business/autos-transportation/how-ford-burned-12-billion-brazil-2021-05-20/,267.
We rewrote our Rust WASM parser in TypeScript and it got faster,https://www.openui.com/blog/rust-wasm-parser,268.
"Thinking Fast, Slow, and Artificial: How AI Is Reshaping Human Reasoning",https://papers.ssrn.com/sol3/papers.cfm?abstract_id=6097646,269.
Battle of U.S. rail barons: Merger is setting the industry on a collision course,https://www.thecanadianpressnews.ca/business/battle-of-the-rail-barons-how-a-merger-is-setting-the-industry-on-a-collision/article_4b82ef47-bb9b-533a-ac97-78a89d065ad1.html,270.
Behind the Curtain – America's next class war: AI fluency,https://www.axios.com/2026/03/24/ai-use-inequality-class,271.
iBook Clamshell,https://www.ibook-clamshell.com/index.php/en/,272.
How to Spot a Liar: Kate White on the Techniques of Deception in Mysteries,https://crimereads.com/how-to-spot-a-liar-kate-white-on-the-techniques-of-deception-in-mysteries/,273.
Show HN: Agent Kernel – Three Markdown files that make any AI agent stateful,https://github.com/oguzbilgic/agent-kernel,274.
Boomloom: Think with your hands,https://www.theboomloom.com,275.
NASA to spend $20B on moon base after cancelling orbiting station,https://www.theguardian.com/science/2026/mar/24/nasa-moon-base-cancelling-artemis,276.
Markdown Ate the World,https://matduggan.com/markdown-ate-the-world/,277.
ForgeKV – Redis-compatible KV server in Rust that scales with cores,https://github.com/ForgeKV/forgekv,278.
TLA+ Mental Models,http://muratbuffalo.blogspot.com/2026/03/tla-mental-models.html,279.
Delta suspends special congressional services amid shutdown,https://thehill.com/policy/transportation/5797907-delta-suspends-special-congressional-desk-service/,280.
Liquid Glass Is Permanent,https://mjtsai.com/blog/2026/03/23/liquid-glass-is-permanent/,281.
"Meta Harmed Children, Allowing Adults to Prey on Them",https://www.wsj.com/tech/landmark-verdict-says-meta-harmed-children-allowing-adults-to-prey-on-them-cb3ad674,282.
The ancient reason there are 60 minutes in an hour,https://www.bbc.com/future/article/20260320-the-ancient-reason-there-are-60-minutes-in-an-hour-and-60-seconds-in-a-minute,283.
OpenAI set to discontinue Sora video platform,https://www.reuters.com/technology/openai-set-discontinue-sora-video-platform-app-wsj-reports-2026-03-24/,284.
Starlette 1.0.0,https://github.com/Kludex/starlette,285.
Alpha Micro AM-1000E and AM-1200,http://oldvcr.blogspot.com/2026/03/refurb-weekend-double-header-alpha.html,286.
NASA unveils Space Reactor-1 Freedom mission to Mars in 2028,https://www.nasaspaceflight.com/2026/03/nasa-sr1-freedom-mars-2028/,287.
Tell HN: Russians may soon lose access to the global internet,item?id=47507903,288.
Hypnic Jerk,https://en.wikipedia.org/wiki/Hypnic_jerk,289.
Predicting onset of symptomatic Alzheimerʼs disease with plasma p-tau217 clocks,https://www.nature.com/articles/s41591-026-04206-y,290.
How BYD got EV chargers to work almost as fast as gas pumps,https://www.wired.com/story/how-byds-ev-charger-got-even-faster-and-it-might-not-matter-as-much-as-you-think/,291.
Who can afford to get ahead in America?,https://www.nbcnews.com/specials/unaffordable-america-economy-inflation-us-jobs-prices-bills-stocks/,292.
Hormuz Minesweeper – Are you tired of winning?,https://hormuz.pythonic.ninja/,293.
Our commitment to Windows quality,https://blogs.windows.com/windows-insider/2026/03/20/our-commitment-to-windows-quality/,294.
Palantir turns poisonous on the campaign trail,https://www.ft.com/content/5d6f924d-2e7e-4a5e-ae20-d4f8e29a7d17,295.
Australia and European Union to sign free trade agreement,https://www.abc.net.au/news/2026-03-24/eu-australia-free-trade-agreement-reached/106488438,296.
Do Not Turn Child Protection into Internet Access Control,https://news.dyne.org/child-protection-is-not-access-control/,297.
Show HN: WhyThere.life – Compare cities side-by-side to decide where to move,https://whythere.life,298.
Postgraphile v5 Released,https://postgraphile.org/news/2026-03-24-v5-published/,299.
I used bond convexity math to build a kill switch for rogue AI agents,https://www.trustlogdynamics.com/,300.
A Billionaire-Backed Startup Wants to Grow 'Organ Sacks' to Replace Animal Test,https://www.wired.com/story/a-billionaire-backed-startup-wants-to-grow-organ-sacks-to-replace-animal-testing/,301.
Ghostling,https://github.com/ghostty-org/ghostling,302.
Non-trivial error in physics paper found via Lean,https://arxiv.org/abs/2603.08139,303.
"Semi-retirement, or, changing my relationship with the BSDs",https://briancallahan.net/blog/20260322.html,304.
Training Center for Maneuvering on Manned Model Ships,https://www.portrevel.com/,305.
PicoZ80 Is a Drop-In Replacement for Everyone's Favorite Zilog CPU,https://hackaday.com/2026/03/23/picoz80-is-a-drop-in-replacement-for-everyones-favorite-zilog-cpu/,306.
Departure Mono Font,https://departuremono.com/,307.
Super Micro Shares Plunge 25% After Co-Founder Charged in $2.5B Smuggling Plot,https://www.forbes.com/sites/tylerroush/2026/03/20/super-micro-shares-plunge-25-after-co-founder-charged-in-25-billion-ai-chip-smuggling-plot/,308.
A pig's brain has been frozen with its cellular activity locked in place,https://www.newscientist.com/article/2520204-major-leap-towards-reanimation-after-death-as-mammals-brain-preserved/,309.
Self-propagating malware wipes Iran-based machines,https://arstechnica.com/security/2026/03/self-propagating-malware-poisons-open-source-software-and-wipes-iran-based-machines/,310.
How We Synchronized Editing for Rec Room's Multiplayer Scripting System,https://www.tyleo.com/blog/how-we-synchronized-editing-for-rec-rooms-multiplayer-scripting-system,311.
A Visual Guide to Attention Variants in Modern LLMs,https://magazine.sebastianraschka.com/p/visual-attention-variants,312.
The Danger Behind Meta Killing End-to-End Encryption for Instagram DMs,https://www.wired.com/story/the-danger-behind-metas-decision-to-kill-end-to-end-encrypted-instagram-dms/,313.
Everything old is new again: memory optimization,https://nibblestew.blogspot.com/2026/03/everything-old-is-new-again-memory.html,314.
Victorian service stations run out of fuel as Middle East war spikes demand,https://www.abc.net.au/news/2026-03-24/victorian-petrol-stations-run-out-diesel-fuel-iran-conflict/106489808,315.
Attention Residuals,https://github.com/MoonshotAI/Attention-Residuals,316.
"Java is fast, code might not be",https://jvogel.me/posts/2026/java-is-fast-your-code-might-not-be/,317.
Half of VMware users plan to reduce usage by 2028,https://www.theregister.com/2026/03/24/vmware_usage_reduction_analysis/,318.
Show HN: Termcraft â€“ Terminal-first 2D sandbox survival in Rust,https://github.com/pagel-s/termcraft,319.
Kagi: Small Web Just Got Bigger,https://blog.kagi.com/small-web-updates,320.
AI Coding Tools Are Stuck in 2007's Dev UX,https://www.davidreis.me/2026/ai-coding-tools-stuck-in-2007s-dev-ux,321.
Fast regex search: indexing text for agent tools,https://cursor.com/blog/fast-regex-search,322.
Personal Computing (2022),https://josh8.com/blog/personal_computing.html,323.
'Miracle': Europe reconnects with lost spacecraft,https://phys.org/news/2026-03-miracle-europe-reconnects-lost-spacecraft.html,324.
The US bans all new foreign-made network routers,https://www.engadget.com/big-tech/the-us-bans-all-new-foreign-made-network-routers-223622966.html,325.
HP trialed mandatory 15-minute support call wait times (2025),https://arstechnica.com/gadgets/2025/02/misguided-hp-customer-support-approach-included-forced-15-minute-call-wait-times/,326.
U.S. FCC Bans Foreign-Made Routers as a 'National Security Risk',https://www.cnet.com/home/internet/fcc-bans-foreign-made-routers-as-national-security-risk/,327.
WTF: Police responded on Saturday night due to a zero-day,https://www.heise.de/en/news/WTF-Police-responded-on-Saturday-night-due-to-a-zero-day-11221590.html,328.
"Army raises enlistment age to 42, removes waiver for marijuana possession",https://taskandpurpose.com/news/army-enlistment-age-marijuana-waiver/,329.
This picture broke my brain [3B1B video],https://www.youtube.com/watch?v=ldxFjLJ3rVY,330.
Cyber.mil serving file downloads using TLS certificate which expired 3 days ago,https://www.cyber.mil/stigs/downloads,331.
Philips to drop Google TV for European-based Titan OS,https://9to5google.com/2026/03/23/google-tv-just-lost-a-big-tv-brand-to-web-app-based-titan-os/,332.
Western carmakers' retreat from electric risks dooming them to irrelevance,https://www.theguardian.com/business/2026/mar/21/west-carmakers-retreat-electric-vehicle-risks-irrelevance-iran-war-evs-china,333.
"Atuin v18.13 – better search, a PTY proxy, and AI for your shell",https://blog.atuin.sh/atuin-v18-13/,334.
Can Programming Be Liberated from the von Neumann Style? (1977) [pdf],https://worrydream.com/refs/Backus_1978_-_Can_Programming_Be_Liberated_from_the_von_Neumann_Style.pdf,335.
Social media bans and digital curfews to be trialled on UK teenagers,https://www.bbc.com/news/articles/cn89g3ngkyzo,336.
StackOverflow's questions per day have fallen 99%,https://meta.stackoverflow.com/questions/433864/do-you-agree-with-gergely-that-stack-overflow-is-almost-dead,337.
Hetzner Adopts Nokia AI for DDoS Defense,https://www.hetzner.com/pressroom/nokia-network-security/,338.
Ask HN: Founders of estonian e-businesses – is it worth it?,item?id=47500239,339.
"I'm OK being left behind, thanks",https://shkspr.mobi/blog/2026/03/im-ok-being-left-behind-thanks/,340.
Dusking is a trend aimed at helping people switch off at the end of the day,https://theconversation.com/dusking-is-a-trend-aimed-at-helping-people-switch-off-at-the-end-of-the-day-how-does-it-work-277814,341.
404 Deno CEO not found,https://dbushell.com/2026/03/20/denos-decline-and-layoffs/,342.
What Came After the 486?,https://dfarq.homeip.net/what-came-after-486/,343.
"Mayor of Paris removed parking spaces, reduced the number of cars",https://www.cnn.com/2026/03/21/travel/paris-transformation-anne-hidalgo-mayor,344.
Meme Buildings,https://misfitsarchitecture.com/2026/03/15/meme-buildings/,345.
Europe waged war on young people to pay for pensions,https://www.telegraph.co.uk/money/pensions/state-pensions/how-europe-went-to-war-with-its-pensioners/,346.
"Show HN: Red Grid Link – peer-to-peer team tracking over Bluetooth, no servers",https://github.com/RedGridTactical/RedGridLink,347.
Exploring 8 Shaft Weaving,https://slab.org/2026/03/11/exploring-8-shaft-weaving/,348.
Entso-E final report on Iberian 2025 blackout,https://www.entsoe.eu/publications/blackout/28-april-2025-iberian-blackout/,349.
Reboot: Rebuild civilization by reinventing lost technologies,https://ksindi.com/reboot/,350.
Sand from Different Beaches in the World,https://magnifiedsand.com/,351.
Iran war energy crisis is a renewable energy wake-up call,https://apnews.com/article/middle-east-wars-renewable-energy-asia-4b5fe0693ce5816472c905db85f7da6e,352.
LG's new 1Hz display is the secret behind a new laptop's battery life,https://www.pcworld.com/article/3096432/lgs-new-1hz-display-is-the-secret-behind-a-new-laptops-battery-life.html,353.
Krita 6.0 Released with Qt6 Port and Better Wayland Support,https://www.phoronix.com/news/Krita-6.0-Released,354.
Turns out your coffee addiction may be doing your brain a favor,https://www.theregister.com/2026/03/21/turns_out_your_coffee_addiction/,355.
NumKong: 2'000 Mixed Precision Kernels for All,https://ashvardanian.com/posts/numkong/,356.
AI (2014),https://blog.samaltman.com/ai,357.
"Ask HN: Is anyone here also developing ""perpetual AI psychosis"" like Karpathy?",item?id=47493938,358.
"New cars allegedly include ""eye of sauron"" to monitor drivers",https://twitter.com/VladTheInflator/status/2036174124180185260,359.
Ask HN: Is using AI tooling for a PhD literature review dishonest?,item?id=47495510,360.
Journalist Security Checklist: Preparing Devices for Travel Through a US Border,https://www.eff.org/deeplinks/2025/06/journalist-security-checklist-preparing-devices-travel-through-us-border,361.
PostGIS-compatible spatial functions for ClickHouse,https://github.com/bacek/chgeos/,362.
Launch HN: Sitefire (YC W26) – Automating actions to improve AI visibility,item?id=47457472,363.
Mole – Deep clean and optimize your Mac,https://github.com/tw93/Mole,364.
Firefox Adds Tab Notes,https://blog.mozilla.org/en/firefox/tab-notes/,365.
Folks Aren't Forming Memories Like They Used To,https://cendyne.dev/posts/2026-03-23-folks-arent-forming-memories-like-they-used-to.html,366.
Claude dispatch: assign tasks to Claude from anywhere,https://support.claude.com/en/articles/13947068-assign-tasks-to-claude-from-anywhere-in-cowork,367.
Chuck Norris has died,https://variety.com/2026/film/news/chuck-norris-dead-walker-texas-ranger-dies-1236694953/,368.
Addfox: A new open-source browser extension framework,https://addfox.dev,369.
"AI Proteomics Competition 2026 – $13K Prize, Internships and Compute Support",https://www.bohrium.com/competitions/9813928053?tab=introduce,370.
The bridge to wealth is being pulled up with AI,https://danielhomola.com/m%20&%20e/ai/your-bridge-to-wealth-is-being-pulled-up/,371.
Tom Scott is Returning to YouTube [video],https://www.youtube.com/watch?v=Yz3lSKgz4q8,372.
Employees Are Taking Pay Cuts in Huge Numbers,https://www.businessinsider.com/employees-taking-pay-cuts-huge-numbers-2026-3,373.
Seam carving with forward energy,https://pictolab.io/seam-carving,374.
"Show HN: Aerko_ – An offline-first, Vanilla JavaScript fitness PWA with local AI",https://github.com/SrPakura/AERKO_PWA,375.
"Show HN: AI SDLC Scaffold, repo template for AI-assisted software development",https://github.com/pangon/ai-sdlc-scaffold/,376.
I built a free interactive platform to learn KDB/q,https://kdb-academy.web.app/,377.
$ teebot.dev – from terminal to tee in 6 seconds,https://teebot.dev,378.
Apple Plans AI Reboot with Siri App,https://finance.yahoo.com/sectors/technology/articles/apple-plans-ai-reboot-siri-184859342.html,379.
Gangs of Karachi (2015),https://harpers.org/archive/2015/09/gangs-of-karachi/,380.
Show HN: Lockpaw One hotkey to cover your Mac screen without putting it to sleep,https://github.com/sorkila/lockpaw,381.
Arch Linux considers criticism of Age Verification to be a violation,https://xcancel.com/LundukeJournal/status/2035852545864683533#m,382.
Surface contamination holds the key to a static electricity mystery,https://physicsworld.com/a/surface-contamination-holds-the-key-to-a-static-electricity-mystery/,383.
NYU Professors Begin Strike over Pay and Job Protections,https://www.nytimes.com/2026/03/23/nyregion/nyu-professors-strike.html,384.
"Hawaii's worst flooding in 20 years threatens dam, prompts evacuations",https://www.nbcnews.com/weather/floods/hawaii-worst-flooding-in-20-years-rcna264573,385.
Porting Doom to AIX on IBM RS/6000 [video],https://www.youtube.com/watch?v=XzhCGSE7KKw,386.
"Driverless Big Rigs Are Coming to American Highways, and Soon",https://www.nytimes.com/2026/03/17/business/self-driving-semi-trucks-texas-us.html,387.
Student beauty and grades under in-person and remote teaching,https://www.sciencedirect.com/science/article/pii/S016517652200283X,388.
Kimchi-derived probiotic found to promote excretion of intestinal nanoplastics,https://phys.org/news/2026-03-kimchi-derived-probiotic-excretion-intestinal.html,389.
Show HN: I made a tool for converting text snippets to shareable image,https://snip2img.com,390.
Show HN: Refrax – my Arc Browser replacement I made from scratch,https://refrax.website/,391.
Proof Theory and Logic Programming,https://www.lix.polytechnique.fr/Labo/Dale.Miller/ptlp/,392.
A Markdown textfile based Kanban board in a single HTML file,https://github.com/chr15m/kanban-todo,393.
Dear Europe: Germany has shown the way forward,https://blog.documentfoundation.org/blog/2026/03/23/dear-europe/,394.
Chopping my brain into bits – turning my brain into a 3D model on the web,https://srg.id.au/posts/brain/,395.
Having Kids (2019),https://paulgraham.com/kids.html,396.
Disintegration Fingerprinting: A Low-Cost Tool to Identify Falsified Medicines,https://www.medrxiv.org/content/10.1101/2025.08.15.25333621v2,397.
Someone has publicly leaked an exploit kit that can hack iPhones,https://techcrunch.com/2026/03/23/someone-has-publicly-leaked-an-exploit-kit-that-can-hack-millions-of-iphones/,398.
Tesla faces wider probe of self-driving feature,https://apnews.com/article/tesla-selfdriving-musk-regulators-7edce5705e93775e1b8bb77b5dd54007,399.
Is playing music good for the brain?,https://www.economist.com/science-and-technology/2026/03/20/is-playing-music-good-for-the-brain,400.
Department of State advises Americans worldwide to exercise increased caution,https://travel.state.gov/en/international-travel/travel-advisories/global-events/worldwide-caution.html,401.
Nvidia CEO Jensen Huang says 'I think we've achieved AGI',https://www.theverge.com/ai-artificial-intelligence/899086/jensen-huang-nvidia-agi,402.
Why Independent Browser Engines Matter,https://blog.mozilla.org/netpolicy/2026/03/23/competition-innovation-and-the-future-of-the-web/,403.
"World Cup Trophy Theft: Gangsters, Spies and the Dog That Found It",https://www.bloomberg.com/news/articles/2026-03-20/the-1966-world-cup-trophy-theft-gangsters-spies-and-the-dog-that-found-it,404.
90% of crypto's Illinois primary spending failed to achieve its objective,https://www.mollywhite.net/micro/entry/202603172318,405.
OpenAI to double workforce as business push intensifies,https://www.ft.com/content/7ffea5b4-e8bc-47cd-adb4-257f84c8028b,406.
Show HN: Passport Globe (See where your passport takes you),https://hariharan.uno/globe,407.
Apple announces new Mac sales record following MacBook Neo launch,https://www.macrumors.com/2026/03/20/apple-shares-mac-sales-achievement/,408.
Walmart fires OpenAI in playbook-changing move,https://www.thestreet.com/retail/walmart-fires-openai-in-playbook-changing-move,409.
My Astrophotography in the Movie Project Hail Mary,https://rpastro.square.site/s/stories/phm,410.
Flipper Zero gets an AI upgrade,https://gizmodo.com/flipper-zero-everyones-favorite-legally-dubious-hacker-tool-gets-an-ai-upgrade-2000736967,411.
Show HN: Lula – multi-agent coding assistant with sandboxed Rust exec engine,https://github.com/christianmeurer/Lula,412.
"US Gov Investigators Found No EU Internet Censorship, and Ignored the Findings",https://www.techdirt.com/2026/03/24/the-trump-admins-own-investigators-found-no-eu-internet-censorship-so-they-ignored-the-findings/,413.
A Student Built a Water Filter That Removes 96% of Microplastics,https://dailygalaxy.com/2026/03/teen-built-water-filter-microplastics/,414.
Lyme Disease Vaccine Candidate Demonstrates Strong Efficacy in Phase 3 Trial,https://www.pfizer.com/news/press-release/press-release-detail/pfizer-and-valneva-announce-lyme-disease-vaccine-candidate,415.
"Show HN: Baltic shadow fleet tracker – live AIS, cable proximity alerts",https://github.com/FormerLab/shadow-fleet-tracker-light,416.
Palantir extends reach into British state as gets access to sensitive FCA data,https://www.theguardian.com/technology/2026/mar/22/palantir-extends-reach-into-british-state-as-it-gets-access-to-sensitive-fca-data,417.
"Study finds no evidence cannabis helps anxiety, depression, or PTSD",https://www.sciencedaily.com/releases/2026/03/260319044656.htm,418.
How Do US Men and Women Spend Their Time?,https://www.pewresearch.org/social-trends/feature/how-do-u-s-men-and-women-spend-their-time/,419.
Show HN: I replaced every function in a codebase with English – it still works,https://tril.cc,420.
FIRST Robotics founder Dean Kamen resigns because of Epstein files,https://www.nhpr.org/nh-news/2026-03-12/dean-kamen-resigns-first-epstein-nh-newhampshire,421.
California bill to stop 'dominant platforms' from blocking competition,https://yro.slashdot.org/story/26/03/22/2025249/tech-leaders-support-california-bill-to-stop-dominant-platforms-from-blocking-competition,422.
Show HN: FPGA soft-core of the Saab Viggen's 1963 airborne computer,https://github.com/FormerLab/ck37-core,423.
My Prodigal Brainchild,https://nealstephenson.substack.com/p/my-prodigal-brainchild,424.
India Built the Back Office. A.I. Is Starting to Shrink It,https://www.nytimes.com/2026/02/27/technology/india-technology-jobs-ai.html,425.
PwC will say goodbye to staff who aren't convinced about AI,https://www.theregister.com/2026/03/19/pwc_ai/,426.
"Bets on US-Iran ceasefire show signs of insider knowledge, say experts",https://www.theguardian.com/us-news/2026/mar/23/bets-us-iran-ceasefire-show-signs-of-insider-knowledge-say-experts-polymarket,427.
"Users Quit ChatGPT for Claude in 1,487% Surge",https://www.forbes.com/sites/rachelwells/2026/03/23/users-quit-chatgpt-for-claude-in-1487-surge-heres-how-work-changes/,428.
Explosion at the Valero Oil Refinery in Texas,https://old.reddit.com/r/TFE/comments/1s208fv/an_explosion_at_the_valero_oil_refinery_of_port/,429.
Abstract Wikipedia,https://abstract.wikipedia.org/wiki/Abstract_Wikipedia:Main_page,430.
"AI boom risks widening wealth divide, says BlackRock's Larry Fink",https://www.theguardian.com/technology/2026/mar/23/ai-boom-risks-widening-wealth-divide-blackrock-larry-fink,431.
The Diminished Art of Coding,https://nolanlawson.com/2026/03/22/the-diminished-art-of-coding/,432.
Can the world get its supply of oil by bypassing the Strait of Hormuz?,https://www.firstpost.com/explainers/iran-war-strait-of-hormuz-blocked-possible-alternatives-oil-gas-supply-13989112.html,433.
The Impact of AI on Game Dev Jobs. Open to Work Crisis,https://darkounity.com/blog-post?id=the-impact-of-ai-on-game-dev-jobs-open-to-work-crisis--1774128585922,434.
Mutual Party Extremism,https://papers.ssrn.com/sol3/papers.cfm?abstract_id=6425039,435.
Storing Solar Energy as Ice for Air Conditioning,https://hackaday.com/2026/03/22/storing-solar-energy-as-ice-for-air-conditioning/,436.
KiCad 10.0.0 Release,https://www.kicad.org/blog/2026/03/Version-10.0.0-Released/,437.
"Oregon school cell phone ban: 'Engaged students, joyful teachers'",https://portlandtribune.com/2026/03/18/oregon-school-cell-phone-ban-engaged-students-joyful-teachers/,438.
MIT tech review: OpenAI is Building an Automated Researcher,https://www.technologyreview.com/2026/03/20/1134438/openai-is-throwing-everything-into-building-a-fully-automated-researcher/,439.
Ga. Court Order Included AI-Hallucinated Cases from Prosecutor's Proposed Order,https://reason.com/volokh/2026/03/21/georgia-court-order-apparently-included-ai-hallucinated-cases-copied-from-prosecutors-proposed-order/,440.
Show HN: Joonote – A note-taking app on your lock screen and notification panel,https://joonote.com/,441.
Don't tell the AI it's an expert programmer,https://www.theregister.com/2026/03/24/ai_models_persona_prompting/,442.
No Semicolons Needed – how 11 languages deal with eliminating semicolons,https://terts.dev/blog/no-semicolons-needed/,443.
"Australia's emergency plan starts with carpooling, escalates to fuel caps",https://www.smh.com.au/politics/federal/australia-s-emergency-plan-starts-with-carpooling-escalates-to-fuel-caps-20260325-p5wob6.html,444.
Someone Forked Systemd to Strip Out Its Age Verification Support,https://itsfoss.com/news/systemd-fork-strips-out-age-verification/,445.
SpaceX hits back at Amazon in orbital datacenter dispute,https://www.theregister.com/2026/03/23/spacex_amazon_orbital_datacenters/,446.
Ant Mill,https://en.wikipedia.org/wiki/Ant_mill,447.
Ozempic Is About to Go Generic for Billions of People,https://www.nytimes.com/2026/03/19/health/ozempic-wegovy-generic-india-china-canada.html,448.
"Show HN: AgentMeet – Free, open-source platform for agent-to-agent work",https://www.agentmeet.net/,449.
Let's See Paul Allen's SIMD CSV Parser,http://chunkofcoal.com/posts/simd-csv/,450.
How cross-thread double free detection could work in glibc malloc,https://kallus.org/blog_tcache_key.html,451.
Show HN: OpenFOIA – local-first FOIA toolkit with entity graphs,https://github.com/JordanCoin/openfoia,452.
Coding as a Game of Probability,https://robertmaple.co.uk/coding-as-a-game-of-probabilities/,453.
Why Expanding Roads Fails to Reduce Traffic Congestion,https://www.nominalnews.com/p/expanding-roads-traffic-congestion,454.
355 Issues of the UK music magazine NME from 1969-1983,https://archive.org/search?query=creator%3A%22NME+-+New+Musical+Express%22&sort=-addeddate,455.
"Terence Tao – Kepler, Newton, and the true nature of mathematical discovery",https://www.dwarkesh.com/p/terence-tao,456.
Monkey C – Small familiar language for apps on Garmin watches,https://developer.garmin.com/connect-iq/monkey-c/,457.
Open Source Gave Me Everything Until I Had Nothing Left to Give,https://kennethreitz.org/essays/2026-03-18-open_source_gave_me_everything_until_i_had_nothing_left_to_give,458.
"Slap your MacBook, it yells back (Apple Silicon accelerometer)",https://github.com/taigrr/spank,459.
Operation Epic Fury Explained: Riches and Domination Drive This War,https://truthout.org/articles/operation-epic-fury-explained-riches-and-domination-drive-this-war/,460.
Qt 6.11 Released,https://www.qt.io/blog/qt-6.11-released,461.
The Reason Windows Hate Is Exploding: It's the End of Personal Computing [video],https://www.youtube.com/watch?v=e7a89ZYcTo8,462.
Firefox 149.0 Release Notes,https://www.firefox.com/en-US/firefox/149.0/releasenotes/,463.
Tell HN: H&R Block tax software installs a TLS backdoor,item?id=47457162,464.
The Architecture of Asking,https://echo.surf/essays/the-architecture-of-asking/,465.
'The thing I want to emphasize is that nobody knows',https://www.tker.co/p/stock-market-whipsaw-amid-iran-war-uncertainty,466.
GSA extends comments on AI clause after industry pushback,https://fedscoop.com/gsa-extends-comments-on-sweeping-ai-clause-after-industry-pushback/,467.
Ads Are Popping Up on the Fridge and It Isn't Goong Well,https://www.wsj.com/lifestyle/samsung-refrigerator-ads-lg-whirlpool-ge-10ea7bcc,468.
The world just lived through the 11 hottest years on record,https://www.nature.com/articles/d41586-026-00946-6,469.
MacBook M5 Pro and Qwen3.5 = Local AI Security System,https://www.sharpai.org/benchmark/,470.
"Show HN: ArXiv metadata as Parquet files (2.99M papers, 1.44GB, 417 files)",https://huggingface.co/datasets/open-index/open-arxiv,471.
What Does the Viral Afroman Trial Have to Do with Section 230?,https://www.techdirt.com/2026/03/23/what-does-the-viral-afroman-trial-have-to-do-with-section-230/,472.
Nevada utility to Lake Tahoe: Find electricity elsewhere,https://calmatters.org/economy/2026/03/nevada-utility-to-lake-tahoe-find-electricity-elsewhere/,473.
Google Search is now using AI to replace headlines,https://www.theverge.com/tech/896490/google-replace-news-headlines-in-search-canary-coal-mine-experiment,474.
"Blackburn AI Bill Repeals Section 230, Expands AI Liability, Age Verification",https://reclaimthenet.org/trump-america-ai-act-section-230-repeal-ai-liability-age-verification,475.
Verilator open-source SystemVerilog simulator,https://github.com/verilator/verilator,476.
Canada moves towards homegrown rocket launches,https://www.ctvnews.ca/sci-tech/article/incredibly-important-canada-moves-towards-homegrown-rocket-launches/,477.
Windows 11's Start menu was built using React – now switching to native WinUI,https://www.windowscentral.com/microsoft/windows-11/windows-11-major-improvements-announced-movable-taskbar-less-ads-reduced-copilot-better-performance-2026,478.
Freestyle Linked Lists Tricks,https://nullprogram.com/blog/2025/12/31/,479.
Solod: Go can be a better C,https://antonz.org/solod/,480.
"Minutes before Trump's announcement, $800M in trades made on oil prices",https://www.9news.com.au/world/donald-trump-iran-updates-oil-futures-trade-suspicious-betting-activity-usa-world-news/1061ef6b-5fef-401c-b469-98016ccdb9c3,481.
Just make it hard to fail,https://nekolucifer.substack.com/p/just-make-it-really-hard-to-fail,482.
PyTorch 2.11 Released,https://pytorch.org/blog/pytorch-2-11-release-blog/,483.
Pentagon to adopt Palantir AI as core US Military system,https://www.reuters.com/technology/pentagon-adopt-palantir-ai-as-core-us-military-system-memo-says-2026-03-20/,484.
BYD is seeing a flood of new EV buyers,https://electrek.co/2026/03/20/byd-ev-demand-surges-drivers-ditch-gas-amid-rising-oil-prices/,485.
The solar-powered compact car driving Tunisia's electric vehicle revolution,https://www.cnn.com/world/africa/electric-vehicle-solar-tunisia-spc,486.
US to embed Palantir AI across military,https://thecradle.co/articles-id/36667,487.
Iran launched unsuccessful attack on UK's Diego Garcia,https://www.bbc.com/news/articles/c5yljdgwppzo,488.
Airlines Are Preparing for an Oil Crisis,https://www.wired.com/story/united-airlines-jet-fuel-alarm-economy/,489.
Wheel Running in the Wild,https://royalsocietypublishing.org/rspb/article/281/1786/20140210/77146/Wheel-running-in-the-wildWheel-running-in-the-wild,490.
TypeScript 6.0,https://devblogs.microsoft.com/typescript/announcing-typescript-6-0/,491.
"Fyn: An uv fork with new features, bug fixes, stripped telemetry",https://github.com/duriantaco/fyn,492.
AI ends online anonymity: the ease of unmasking pseudonymous accounts,https://english.elpais.com/technology/2026-03-12/ai-ends-online-anonymity-the-ease-of-unmasking-pseudonymous-accounts.html,493.
Senior European journalist suspended over AI-generated quotes,https://www.theguardian.com/technology/2026/mar/20/mediahuis-suspends-senior-journalist-over-ai-generated-quotes,494.
A Visual Guide to Attention Variants in Modern LLMs,https://magazine.sebastianraschka.com/p/visual-attention-variants,495.
"UK Government to make ""plug-in solar"" available within months",https://www.gov.uk/government/news/government-to-make-plug-in-solar-available-within-months,496.
"Delphi 13.1 Released, with ARM64 support",https://blogs.embarcadero.com/announcing-the-availability-of-rad-studio-13-florence-update-1/,497.
"Stop naming buildings (and streets, and parks, and mountains) after people",https://fritinancy.substack.com/p/stop-naming-buildings-and-streets,498.
A Conversation with Claude,https://www.noahpinion.blog/p/a-conversation-with-claude,499.
Show HN: I made an email app inspired by Arc browser,https://demo.define.app,500.
User Interface Hall of Fame (1999),http://hallofshame.gp.co.at/mfame.htm,501.
The truth that haunts the Ramones: 'They sold more T-shirts than records',https://english.elpais.com/culture/2026-03-17/the-uncomfortable-truth-that-will-always-haunt-the-ramones-they-sold-more-t-shirts-than-records.html,502.
"Tell HN: MS365 upgrade silently to 25 licenses, tried to charge me $1,035",item?id=47474827,503.
LaGuardia Airport Closed After Plane Collided with Ground Vehicle,https://www.bloomberg.com/news/articles/2026-03-23/laguardia-closed-after-report-plane-collided-with-ground-vehicle,504.
25 Years of Eggs,https://www.john-rush.com/posts/eggs-25-years-20260219.html,505.
Jury signals tech titans on hook for social media addiction,https://techxplore.com/news/2026-03-jury-tech-titans-social-media.html,506.
RustCC: Bringing Rust-Style Safety to C++17 via Policy Enforcement,https://github.com/yunquleonliu/RustCC-Profiler/blob/main/Rust_Cpp_Manifesto.md,507.
"Even Before the Iran War, There Was a Growing Inflation Problem",https://newsletter.mikekonczal.com/p/even-before-the-iran-war-there-was,508.
"We indexed the Delve audit leak: 533 reports, 455 companies, 99.8% identical",https://trustcompliance.xyz,509.
Designing AI Chip Software and Hardware,https://docs.google.com/document/d/1dZ3vF8GE8_gx6tl52sOaUVEPq0ybmai1xvu3uk89_is/edit?tab=t.0,510.
Terrible real estate agent photographs,https://terriblerealestateagentphotos.com,511.
Pilot and co-pilot killed after Air Canada jet collision at LaGuardia New York,https://www.theguardian.com/us-news/2026/mar/23/air-canada-plane-collides-with-ground-vehicle-at-new-yorks-laguardia-airport-halting-all-flights,512.
C Bit-Field Pitfalls,https://www.os2museum.com/wp/bitfield-pitfalls/,513.
Show HN: ClawMem – Open-source agent memory with SOTA local GPU retrieval,https://github.com/yoloshii/ClawMem,514.
Pollock avoided hydrodynamic instabilities to paint with his dripping technique,https://journals.plos.org/plosone/article?id=10.1371%2Fjournal.pone.0223706&utm_source=clivethompson&utm_medium=email&utm_campaign=linkfest-43-archaeoacoustics-nocotourism-and-the,515.
4chan's hamster-filled reminder US cos needn't comply with UK speech regulations,https://reason.com/2026/03/23/4chan-sends-hilarious-hamster-filled-reminder-that-u-s-companies-need-not-follow-british-speech-regulations/,516.
Supreme Court declines to review press freedom case,https://www.npr.org/2026/03/23/nx-s1-5757440/supreme-court-press-freedom,517.
Welcome to the AI agent arms race,https://www.axios.com/2026/03/23/openclaw-agents-nvidia-anthropic-perplexity,518.
Germany Mandates ODF for Public Administration,https://linuxiac.com/germany-mandates-odf-for-public-administration/,519.
Wikipedia RFC on banning LLM contributions,https://en.wikipedia.org/wiki/Wikipedia:Writing_articles_with_large_language_models/RfC,520.
How the Iran war threatens global food supply,https://www.npr.org/2026/03/20/nx-s1-5750812/how-the-iran-war-threatens-global-food-supply,521.
Show HN: The Two by Two Truth Diagram,https://kmrjohnson55.github.io/truth-diagram/,522.
Turbo Pascal Deconstructed,https://simonwillison.net/2026/Mar/20/turbo-pascal/,523.
Carbon dioxide levels are higher than humans have ever experienced,https://www.cnn.com/2026/03/19/climate/carbon-dioxide-blood-chemistry-public-health-climate-change,524.
Are humans naturally violent? New research challenges long-held assumptions,https://phys.org/news/2026-03-humans-naturally-violent-held-assumptions.html,525.
"Schizophrenia study finds new biomarker, drug candidate in mice",https://news.northwestern.edu/stories/2026/03/schizophrenia-study-finds-new-biomarker-drug-candidate-to-treat-cognitive-symptoms,526.
Your rights when an airport checkpoint is staffed by ICE agents,https://papersplease.org/wp/2026/03/22/your-rights-when-an-airport-checkpoint-is-staffed-by-ice-agents/,527.
Light on Glass: Why do you start making a game engine?,https://analogdreamdev.substack.com/p/light-on-glass,528.
OpenAI CEO Sam Altman Exits Helion Energy's Board,https://www.reuters.com/sustainability/boards-policy-regulation/openai-ceo-sam-altman-exits-helion-energys-board-firms-explore-partnership-2026-03-23/,529.
Scenes from the Death of the Pax Americana,https://paulkrugman.substack.com/p/scenes-from-the-death-of-the-pax,530.
Claude Code and the Great Productivity Panic of 2026,https://www.bloomberg.com/news/articles/2026-02-26/ai-coding-agents-like-claude-code-are-fueling-a-productivity-panic-in-tech,531.
"Roadrunner: A bipedal, wheeled robot for multi-modal locomotion [video]",https://www.youtube.com/watch?v=9kae-UAME1U,532.
The OG MAGA: Make Apple Great Again (From Steve Job's Speech Itself),https://www.youtube.com/watch?v=EoM2Y2KO6kU,533.
American cover-up of Japanese war crimes,https://en.wikipedia.org/wiki/American_cover-up_of_Japanese_war_crimes,534.
China mapping the ocean floor as it prepares for submarine warfare with the US,https://www.japantimes.co.jp/news/2026/03/24/asia-pacific/politics/china-ocean-submarine-warfare-us/,535.
Vertical Farms Tried to Compete with Open Field Farming. It Isn't Going Well,https://www.nytimes.com/2026/03/21/business/vertical-farms-tried-to-compete-with-open-field-farming-it-isnt-going-well.html,536.
Walmart digital price labels coming to every store shelf in U.S. by end of 2026,https://www.cnbc.com/2026/03/21/walmart-digital-price-tags-will-be-in-every-us-store-by-end-of-2026.html,537.
Matrix Valued Residuals,https://arxiv.org/abs/2506.22696,538.
Scott Hanselman says he's working on Windows local accounts,https://twitter.com/shanselman/status/2035110958314745891,539.
Show HN: EchoLive – Read-it-later app that reads to you with 600 AI voices,https://echolive.co/,540.
I ran a 5-day experiment to see how fast Google reshapes your ad profile,https://nanobuilds.substack.com/p/how-fast-can-you-reshape-what-google,541.
Traders placed $580M in oil bets ahead of Trump's social media post on Iran,https://www.ft.com/content/1171d623-3709-4f6e-8ded-a5df4ec57696,542.
Rising health costs push some middle-aged adults to skip the doc until Medicare,https://www.usatoday.com/story/money/2026/03/22/healthcare-costs-middle-aged-adults-medicare/89231811007/,543.
Storing 2 bytes of data in your Logitech mouse,https://www.timwehrle.de/blog/what-if-i-stored-data-in-my-mouse/,544.
What does the future of software engineering look like?,https://www.thoughtworks.com/about-us/events/the-future-of-software-development,545.
Delve – Fake Compliance as a Service,https://substack.com/home/post/p-191342187,546.
UN warns of record 'climate imbalance' as planetary warming accelerates,https://news.un.org/en/story/2026/03/1167178,547.
US Labor Force Demographics Are Worsening,https://www.aei.org/domestic-policy/our-labor-force-demographics-are-getting-worse/,548.
No AI Silver Bullet,https://smartmic.bearblog.dev/no-ai-silver-bullet/,549.
Snowflake lays off documentation staff after they train AI replacement,https://threadreaderapp.com/thread/2035197183230709874.html,550.
"Microsoft confirms a major Windows 11 update with faster Explorer, less Copilot",https://www.windowslatest.com/2026/03/21/microsoft-confirms-a-major-windows-11-update-with-faster-explorer-reduced-copilot-and-more/,551.
Diego Garcia,https://en.wikipedia.org/wiki/Diego_Garcia,552.
NASA wants to know how the launch industry's chic new rocket fuel explodes,https://arstechnica.com/space/2026/03/nasa-is-blowing-stuff-up-to-study-the-explosive-potential-of-methalox-rockets/,553.
The Dude,https://yusufaytas.com/the-dude/,554.
Oil traders bet millions minutes before Trump's Iran talks post,https://www.bbc.co.uk/news/articles/cg547ljepvzo,555.
OpenClaw high level architecture review,https://contextbento.substack.com/p/openclaw-high-level-architecture,556.
A single Keycloak commit broke our p99 latency,https://old.reddit.com/r/KeyCloak/comments/1rto63s/how_a_single_keycloak_commit_broke_our_p99/,557.
The U.S. Ammo Shortage Is Worse Than You Think,https://www.wsj.com/opinion/the-u-s-ammo-shortage-is-worse-than-you-think-97096193,558.
Show HN: Threadprocs – executables sharing one address space (0-copy pointers),https://github.com/jer-irl/threadprocs,559.
Understaffing as a Form of Enshittification,https://pluralistic.net/2026/03/22/nobodys-home/,560.
Israeli minister calls for annexation of southern Lebanon,https://www.reuters.com/world/middle-east/israeli-minister-calls-annexation-southern-lebanon-2026-03-23/,561.
You're likely infected with a brain-eating virus you've never heard of,https://arstechnica.com/health/2026/03/youre-likely-already-infected-with-a-brain-eating-virus-youve-never-heard-of/,562.
"Researchers Asked LLMs for Strategic Advice. They Got ""Trendslop"" in Return",https://hbr.org/2026/03/researchers-asked-llms-for-strategic-advice-they-got-trendslop-in-return,563.
Tesla and SpaceX announce $25B 'Terafab' chip factory – it reeks of desperation,https://electrek.co/2026/03/22/tesla-spacex-terafab-chip-factory-ai-desperation/,564.
Do Androids Dream of Electric Sheep?,https://en.wikipedia.org/wiki/Do_Androids_Dream_of_Electric_Sheep%3F,565.
"Firefox 149 Available with XDG Portal File Picker, Rust-Based JPEG-XL Decoder",https://www.phoronix.com/news/Mozilla-Firefox-149,566.
Colosseum gets a fresh look recreates the footprints of long-gone columns,https://apnews.com/article/italy-colosseum-restoration-tourism-rome-032cac4377572b89263247a038395c11,567.
Air Canada CRJ collides with fire fighting truck on landing in New York,https://www.flightradar24.com/blog/flight-tracking-news/major-incident/air-canada-crj-collides-with-fire-fighting-truck-on-landing-in-new-york/,568.
Revolut warns it risks backlash over support for energy-intensive AI and crypto,https://www.theguardian.com/business/2026/mar/24/revolut-ai-crypto-profits-us-banking-licence-uk,569.
Zvec – A lightweight in-process vector database,https://zvec.org/en/,570.
Zvec – A lightweight in-process vector database,https://zvec.org/en/,571.
OpenAI to introduce ads to all ChatGPT free and Go users in US,https://www.reuters.com/business/media-telecom/openai-expand-ads-chatgpt-all-free-low-cost-users-information-reports-2026-03-21/,572.
Kill Chain,https://artificialbureaucracy.substack.com/p/kill-chain,573.
Palantir trial plugs into UK financial watchdog's data trove,https://www.theregister.com/2026/03/23/palantir_fca/,574.
The Delve Scandal: A Y Combinator Darling Just Got Hit with a Fraud Accusation,https://www.inc.com/ben-sherry/the-delve-scandal-a-y-combinator-darling-just-got-hit-with-a-bombshell-fraud-accusation/91320652,575.
FCC considering a ban for all foreign-made routers,https://bsky.app/profile/ericjgeller.com/post/3mhqxf2pzvz2j,576.
Codex with a vague prompt just solved a bug in Ghostty,https://twitter.com/mitchellh/status/2029348087538565612,577.
Emacs is the display server. Headless Firefox is the renderer,https://old.reddit.com/r/emacs/comments/1ry1q5q/embrel_emacs_browser_emacs_is_the_display_server/,578.
OnlyFans owner Leonid Radvinsky dies of cancer at 43,https://www.ft.com/content/3451dc9c-dc09-435e-b32e-8e6feed87ab3,579.
America's biggest problem (it's not what you think),https://czhou.bearblog.dev/americas-biggest-problem-its-not-what-you-think/,580.
Death of the IDE?,https://addyo.substack.com/p/death-of-the-ide,581.
Traces of Evil,https://www.tracesofevil.com/,582.
Glasses Cleaning Simulator,https://vole.wtf/glasses-cleaning/,583.
Open Source becomes standard in Germany's Administration,https://www.heise.de/en/news/Administration-Open-Source-becomes-standard-11219712.html,584.
SparkVSR: Video Super-Resolution You Can Control with Keyframes,item?id=47480759,585.
Show HN: Vibefolio – a place to showcase your vibecoded projects,https://vibefolio.link/,586.
Echoed – Discord Alternative,https://echoed.gg/,587.
Nvidia will only produce one 88-core Vera CPU model,https://www.tomshardware.com/pc-components/cpus/nvidia-will-only-produce-one-88-core-vera-cpu-model-jensen-says-the-company-will-make-billions-of-dollars-from-a-single-sku,588.
Couples where both WFH have 0.32 more babies,https://www.nber.org/papers/w34963,589.
"Show HN: A personal CRM for events, meetups, IRL",https://payo.tech/,590.
Dark Patterns from Google Workspace and Google Labs Flow,https://knowledge.workspace.google.com/admin/users/delete-or-remove-a-user-from-your-organization,591.
Anyone know how long it will take to re-start Qatar's helium plants?,item?id=47474260,592.
I hate: Programming Wayland applications,https://www.p4m.dev/posts/29/index.html,593.
The Trouble with Seizing Kharg Island,https://www.theatlantic.com/international/2026/03/iran-trump-kharg-island/686487/,594.
Moonless Earth Theory,https://en.wikipedia.org/wiki/Alexander_Abian,595.
Optimization lessons from a Minecraft structure locator,https://purplesyringa.moe/blog/optimization-lessons-from-a-minecraft-structure-locator/,596.
SteamOS 3.8 use KDE Plasma with Wayland as default,https://store.steampowered.com/news/app/1675200/view/532126482488623649,597.
Loom: An LLM agent framework for Go,https://github.com/teradata-labs/loom,598.
We keep finding the raw material of DNA in asteroids–what's it telling us?,https://arstechnica.com/science/2026/03/we-keep-finding-the-raw-material-of-dna-in-asteroids-whats-it-telling-us/,599.
"Google replaces news headlines in the ""10 blue links"" with AI versions",https://www.techbuzz.ai/articles/google-quietly-replaces-news-headlines-with-ai-versions,600.
